IDX,X,Y,TYPE,SPEED,DIRTYPE,DIRECTION
1,13.515101,52.400134,1,50,0,0
2,13.310730,52.565405,1,40,1,180
3,13.420044,52.461298,1,80,1,80
4,13.420113,52.461176,1,80,1,260
5,13.436953,52.462534,1,80,1,80
6,13.436984,52.462407,1,80,1,260
7,8.975848,52.914950,1,70,0,0
8,10.396008,52.967689,1,0,0,0
9,10.281786,52.481295,1,70,1,270
10,10.442510,53.263679,1,80,1,170
11,10.429910,52.449159,1,0,0,0
12,10.176283,53.111829,1,0,0,0
13,8.879108,53.060850,1,50,1,110
14,13.492327,52.458026,1,50,0,0
15,10.798486,52.427499,1,50,1,110
16,13.880069,54.070378,1,100,0,0
17,12.911913,52.557054,1,30,0,0
18,13.244129,54.081415,1,70,0,0
19,9.736974,53.788184,1,0,0,0
20,9.220794,52.888309,1,70,1,0
21,9.212958,52.833941,1,70,0,0
22,9.679517,53.269129,1,50,0,0
23,10.524935,52.466644,1,100,0,0
24,13.263280,53.551529,1,50,1,197
25,13.266645,53.559378,1,0,1,180
26,10.675355,52.470488,1,50,0,0
27,10.685087,52.468707,1,50,0,0
28,9.888620,53.871386,1,0,0,0
29,12.330964,52.620902,1,0,0,0
30,9.669283,52.415609,1,50,0,0
31,13.486902,52.512485,1,50,0,0
32,13.633902,54.368969,1,50,1,0
33,13.398540,54.094801,1,50,0,0
34,13.400994,54.094776,1,50,1,105
35,13.719209,54.039977,1,70,0,0
36,13.735868,53.807110,1,80,0,0
37,9.803469,53.376671,1,50,0,0
38,10.484159,52.607884,1,70,1,180
39,10.484024,52.607859,1,70,1,5
40,11.293837,53.181876,1,50,0,0
41,11.538386,53.354097,1,70,0,0
42,9.275068,53.013387,1,70,0,0
43,11.437847,53.598268,1,50,1,0
44,11.457429,53.599853,1,60,1,0
45,9.379847,53.594395,1,0,0,0
46,9.270922,53.118578,1,70,1,275
47,9.533803,53.201635,1,70,1,40
48,13.001744,52.405524,1,50,1,100
49,13.582401,54.008982,1,100,1,170
50,13.315869,52.464484,1,30,1,310
51,10.143271,52.676240,1,70,0,0
52,9.801585,53.783637,1,50,1,110
53,9.690849,53.791708,1,50,1,0
54,10.129386,53.918608,1,50,0,0
55,9.875877,53.772556,1,50,0,0
56,12.354242,54.259707,1,60,1,0
57,13.443174,54.422912,1,0,0,0
58,10.701250,53.852294,1,0,1,335
59,9.570319,53.507460,1,0,0,0
60,11.834427,53.099186,1,70,0,0
61,11.812743,53.117123,1,70,0,0
62,9.692348,53.437517,1,50,0,0
63,12.951900,53.897718,1,50,1,285
64,12.501886,53.358928,1,70,0,0
65,12.424763,53.463594,1,0,0,0
66,11.067771,53.880441,1,50,1,0
67,11.559383,53.698211,1,50,0,0
68,12.349757,53.512697,1,50,1,320
69,9.537901,53.000243,1,70,1,130
70,10.628143,52.957051,1,100,1,80
71,10.631327,52.957175,1,100,1,260
72,10.727155,52.947789,1,50,0,0
73,13.913878,52.480657,1,50,0,0
74,13.807923,52.489196,1,70,0,0
75,10.289059,52.833162,1,0,0,0
76,10.953208,52.891554,1,0,0,0
77,9.959523,53.470075,1,50,1,125
78,9.326296,53.752101,1,50,1,335
79,10.308415,52.453329,1,50,1,320
80,10.750580,52.936509,1,50,1,300
81,9.780627,53.538120,1,50,1,0
82,11.399330,53.717763,1,0,0,0
83,11.403285,53.727799,1,0,0,0
84,11.172352,53.657604,1,0,0,0
85,11.472315,53.483071,1,50,1,0
86,11.385495,53.644308,1,0,0,0
87,12.151319,54.090778,1,50,1,300
88,10.918139,52.906557,1,70,0,0
89,8.771247,53.061742,1,60,0,0
90,12.370249,52.521586,1,0,0,0
91,9.226673,53.353577,1,0,0,0
92,10.485081,53.138539,1,0,0,0
93,12.181466,54.102339,1,50,1,235
94,12.093892,54.094735,1,50,1,340
95,13.385849,52.469599,1,50,1,195
96,12.615351,54.282486,1,70,1,240
97,9.279467,53.259125,1,50,0,0
98,9.226784,53.353603,1,50,0,0
99,9.250564,53.532489,1,0,0,0
100,9.322760,53.542726,1,0,0,0
101,12.161455,53.792442,1,0,1,275
102,13.289700,54.354525,1,50,1,280
103,9.980830,53.423627,1,50,0,0
104,9.120522,53.707266,1,0,0,0
105,10.270658,53.417910,1,50,0,0
106,13.082856,52.411313,1,50,1,80
107,13.835410,53.714805,1,50,0,0
108,13.846642,53.709022,1,70,0,0
109,13.707332,54.037476,1,70,0,0
110,9.757153,53.447177,1,50,0,0
111,10.001760,53.661730,1,50,1,5
112,8.893946,53.423803,1,0,0,0
113,11.774038,53.505815,1,0,0,0
114,11.821176,53.426670,1,0,0,0
115,10.684547,53.851175,1,50,1,110
116,10.685702,53.851023,1,50,1,280
117,10.691334,53.851531,1,50,1,0
118,12.122550,54.075338,1,50,1,215
119,9.969922,53.598891,1,50,1,120
120,9.985101,53.649388,1,50,1,120
121,9.367633,53.089641,1,70,1,215
122,9.456184,53.093151,1,70,0,0
123,9.456444,53.093165,1,70,0,0
124,10.877369,53.001164,1,0,0,0
125,10.875268,53.001143,1,0,0,0
126,11.173710,52.938828,1,0,0,0
127,11.180191,52.914546,1,50,0,0
128,9.835114,53.574252,1,50,1,0
129,10.310249,53.336661,1,0,0,0
130,9.375477,53.298055,1,50,0,0
131,9.789797,53.320299,1,30,1,0
132,10.412642,53.274238,1,100,1,270
133,10.124500,53.570825,1,0,1,290
134,9.438454,53.289879,1,70,0,0
135,9.025778,53.352613,1,0,0,0
136,8.996791,53.439981,1,50,1,0
137,8.846479,53.081118,1,50,1,80
138,12.515584,53.775800,1,0,0,0
139,11.600040,53.379249,1,0,0,0
140,11.149247,53.103410,1,0,0,0
141,13.514954,52.400120,1,50,0,0
142,9.986670,53.547846,1,50,1,125
143,11.384205,53.326664,1,60,0,0
144,13.454820,52.400070,1,50,1,0
145,9.850116,53.651625,1,50,1,310
146,12.692384,53.325151,1,50,1,130
147,11.027347,53.106591,1,0,0,0
148,10.688871,53.375435,1,0,0,0
149,13.340035,53.657471,1,0,0,0
150,10.562333,53.074181,1,0,0,0
151,10.109716,54.313742,1,50,1,210
152,12.512327,54.259482,1,70,1,0
153,13.716679,52.473465,1,50,0,0
154,10.489643,52.995254,1,70,1,140
155,10.489287,52.995233,1,70,1,310
156,8.872841,52.998465,1,70,0,0
157,11.248120,53.664563,1,0,1,0
158,13.316636,52.464217,1,0,1,310
159,10.168547,54.315325,1,50,1,260
160,13.496700,53.637262,1,0,0,0
161,13.386678,52.490198,1,50,1,205
162,12.405860,52.406693,1,30,0,0
163,13.402956,52.463439,1,0,1,65
164,10.537946,53.046454,1,0,0,0
165,8.597134,53.574641,1,50,1,210
166,8.930401,53.028927,1,0,1,310
167,10.932206,52.573765,1,0,0,0
168,13.394472,53.572339,1,50,0,0
169,9.062865,53.515785,1,0,0,0
170,9.048137,53.483870,1,0,0,0
171,12.481147,53.460531,1,50,1,300
172,9.803306,53.465348,1,50,1,0
173,10.396054,52.967736,1,0,0,0
174,10.176336,53.111718,1,0,0,0
175,9.899350,53.382184,1,50,1,0
176,12.502436,53.169818,1,0,0,0
177,12.340676,53.139101,1,50,0,0
178,10.310489,52.451216,1,50,1,180
179,12.136585,54.092448,1,50,1,100
180,11.163089,53.904362,1,60,1,10
181,9.952893,53.561849,1,30,1,130
182,9.054762,52.430072,1,70,1,360
183,9.888621,53.871524,1,50,0,0
184,10.796793,52.427779,1,0,1,110
185,12.925621,52.493447,1,50,0,0
186,14.018554,52.778656,1,0,0,0
187,9.565695,52.448461,1,70,0,0
188,10.791183,53.911599,1,70,1,70
189,13.736587,52.838411,1,0,0,0
190,10.138534,53.227897,1,50,0,0
191,10.064855,53.550361,1,50,0,0
192,8.616105,53.582020,1,50,0,0
193,10.708753,53.878986,1,50,1,185
194,9.594571,52.411125,1,50,1,0
195,10.575172,52.485256,1,70,0,0
196,9.958069,53.560586,1,30,1,310
197,12.624364,52.671931,1,80,0,0
198,12.717318,52.632514,1,60,0,0
199,9.467892,52.424134,1,50,0,0
200,12.792270,52.619595,1,50,0,0
201,10.775481,52.931724,1,70,0,0
202,10.766806,52.933162,1,70,1,290
203,8.701548,52.749986,1,50,0,0
204,8.618643,52.456490,1,0,1,190
205,12.783006,52.807228,1,0,0,0
206,9.669297,52.415606,1,50,0,0
207,12.461773,52.869571,1,0,0,0
208,12.622637,53.761826,1,0,0,0
209,11.652188,53.038939,1,50,0,0
210,10.679514,53.882666,1,50,1,0
211,10.701932,53.885851,1,50,0,0
212,8.588355,52.609087,1,70,0,0
213,10.202951,54.331400,1,50,0,0
214,9.300168,53.275077,1,50,1,160
215,9.602208,53.388884,1,50,0,0
216,8.938509,52.975018,1,50,1,5
217,8.808828,53.082914,1,0,0,0
218,9.016315,53.079326,1,50,1,340
219,8.831770,53.081212,1,0,0,0
220,11.168661,52.968919,1,0,0,0
221,13.376669,52.502049,1,50,1,130
222,9.161643,53.076579,1,70,1,148
223,12.197578,53.192853,1,50,0,0
224,8.808483,53.083227,1,0,0,0
225,8.900175,53.124263,1,0,0,0
226,8.790391,53.085983,1,0,0,0
227,8.790600,53.086317,1,0,0,0
228,8.715566,53.135252,1,0,0,0
229,8.715290,53.135484,1,0,0,0
230,13.977510,53.518407,1,0,0,0
231,8.806052,53.073585,1,0,1,100
232,11.078727,53.083483,1,0,0,0
233,10.868402,52.921408,1,100,0,0
234,11.100837,53.012456,1,0,0,0
235,11.149150,53.103329,1,0,0,0
236,10.486883,52.832365,1,70,1,175
237,12.205477,53.232186,1,50,1,200
238,10.961305,53.130029,1,70,1,275
239,10.963227,53.130159,1,70,1,120
240,12.015699,54.109562,1,50,1,0
241,8.810834,53.071785,1,0,1,270
242,8.810984,53.071954,1,0,1,250
243,8.810477,53.072030,1,0,1,105
244,13.771789,52.559505,1,0,0,0
245,12.453872,53.135446,1,100,0,0
246,13.199605,52.608768,1,30,0,0
247,13.199154,52.608426,1,30,0,0
248,10.889336,53.065230,1,0,0,0
249,13.091918,53.344839,1,50,0,0
250,12.800970,53.277176,1,0,0,0
251,13.983285,53.491454,1,70,0,0
252,13.092332,53.362535,1,70,0,0
253,10.713152,52.496260,1,50,0,0
254,11.178785,53.000361,1,0,0,0
255,10.638369,53.854684,1,0,1,290
256,9.891077,52.636465,1,100,1,305
257,10.664205,53.875261,1,0,1,345
258,10.067976,52.552604,1,100,0,0
259,10.068238,52.552893,1,100,0,0
260,9.977886,52.748113,1,70,1,190
261,9.946811,53.593724,1,50,1,250
262,13.019672,53.632793,1,100,0,0
263,12.531864,52.422840,1,0,0,0
264,9.561972,52.440900,1,50,1,0
265,9.534826,52.461474,1,50,0,0
266,9.416316,52.422070,1,50,0,0
267,9.459424,52.434282,1,50,0,0
268,9.421394,52.428342,1,50,0,0
269,9.389706,52.419389,1,50,0,0
270,9.421497,52.441894,1,50,1,190
271,9.844065,52.564357,1,50,1,280
272,9.855073,52.566936,1,50,1,10
273,10.133177,52.459040,1,50,1,256
274,10.132495,52.459039,1,50,1,75
275,10.063785,52.606480,1,50,1,285
276,10.697198,53.851548,1,50,1,0
277,10.707760,53.856766,1,50,1,0
278,13.282619,52.533597,1,50,1,300
279,8.840701,53.041017,1,80,0,0
280,12.939500,52.689120,1,0,0,0
281,10.131687,54.316293,1,30,1,190
282,12.795164,52.929496,1,50,0,0
283,9.500748,53.270565,1,50,0,0
284,11.450818,53.028838,1,0,0,0
285,11.385586,53.040696,1,0,0,0
286,10.929972,53.183791,1,0,0,0
287,12.193869,54.112966,1,70,1,35
288,9.679384,53.269215,1,50,0,0
289,9.533784,53.201623,1,70,1,220
290,9.753124,52.436746,1,50,1,305
291,9.620928,52.427135,1,50,0,0
292,8.837830,53.082770,1,0,0,0
293,9.620887,52.427110,1,50,0,0
294,9.620973,52.427165,1,50,0,0
295,9.626306,52.439533,1,30,0,0
296,12.568505,52.416085,1,30,0,0
297,13.234361,53.556790,1,50,1,250
298,9.872044,53.571182,1,50,1,110
299,9.640023,53.448276,1,70,0,0
300,9.935413,52.792856,1,70,1,190
301,12.783412,54.124338,1,80,1,50
302,9.937437,52.795540,1,70,1,65
303,13.439421,52.411659,1,30,1,0
304,9.570199,53.507258,1,0,0,0
305,13.066881,52.403767,1,30,1,0
306,13.506813,54.482796,1,50,1,0
307,12.544957,52.408228,1,30,0,0
308,10.024745,53.530337,1,50,0,0
309,9.830001,53.703134,1,50,1,55
310,12.736475,52.407222,1,50,0,0
311,8.799537,53.055272,1,0,0,0
312,8.818356,53.046763,1,0,0,0
313,8.864218,53.071032,1,0,1,280
314,8.863841,53.071299,1,0,1,130
315,12.510478,52.413904,1,0,0,0
316,8.823811,53.078163,1,0,0,0
317,8.824878,53.078870,1,0,0,0
318,8.830957,53.081136,1,0,0,0
319,8.902290,53.071543,1,0,0,0
320,8.901796,53.071577,1,0,0,0
321,8.892528,53.079243,1,0,0,0
322,8.875530,53.082533,1,0,0,0
323,8.785015,53.102125,1,0,0,0
324,8.784969,53.102448,1,0,0,0
325,8.712858,53.143419,1,0,0,0
326,8.713035,53.143770,1,0,0,0
327,8.819197,53.048571,1,0,0,0
328,13.019503,52.607945,1,60,0,0
329,9.061616,53.219037,1,0,0,0
330,8.932391,52.826751,1,70,1,140
331,9.045424,52.869867,1,70,1,50
332,13.285547,52.594685,1,50,1,350
333,10.081100,52.631229,1,30,1,-10
334,8.888959,52.681165,1,70,0,0
335,13.632276,52.608775,1,50,1,85
336,9.835801,53.601224,1,50,1,315
337,9.835628,53.601526,1,50,1,135
338,10.534406,52.421903,1,70,1,190
339,9.788519,53.424831,1,50,0,0
340,9.788286,53.425149,1,50,0,0
341,12.109028,54.087263,1,30,0,0
342,10.465523,52.478716,1,70,0,0
343,10.583880,52.435272,1,50,0,0
344,10.584123,52.435286,1,50,0,0
345,12.531676,52.422925,1,50,0,0
346,14.007129,53.250295,1,0,0,0
347,10.467180,52.665902,1,100,1,0
348,10.478118,52.705910,1,70,1,0
349,11.620591,53.226296,1,50,1,330
350,11.740930,53.018276,1,70,0,0
351,10.620239,52.733033,1,70,0,0
352,12.560381,52.416827,1,30,0,0
353,13.318782,52.454104,1,50,1,280
354,13.344340,52.478423,1,50,1,230
355,13.736713,52.556058,1,70,0,0
356,8.890212,53.082463,1,50,1,280
357,11.789816,52.540981,1,50,1,50
358,10.693590,53.863792,1,30,1,300
359,12.830384,52.614775,1,30,0,0
360,12.771929,54.115248,1,80,1,230
361,8.589691,53.538123,1,50,1,0
362,10.126253,54.321223,1,50,1,230
363,9.731438,54.327752,1,0,0,0
364,9.731839,54.327911,1,0,0,0
365,9.716010,54.338141,1,0,0,0
366,9.716368,54.338307,1,0,0,0
367,9.470892,53.547244,1,70,1,20
368,9.471092,53.547302,1,70,1,200
369,8.711890,52.837520,1,70,0,0
370,13.145417,53.898525,1,70,0,0
371,11.790167,52.541128,1,50,1,220
372,13.335374,53.877208,1,30,0,0
373,8.590971,53.518405,1,50,1,0
374,13.446561,53.810116,1,80,0,0
375,9.733636,52.417834,1,50,1,150
376,9.733486,52.417810,1,50,1,330
377,13.868297,52.584005,1,30,0,0
378,13.015234,52.583250,1,50,0,0
379,10.591686,52.970263,1,0,0,0
380,10.592460,52.970430,1,0,0,0
381,10.040237,53.566649,1,50,0,0
382,10.309285,53.933645,1,50,1,330
383,13.583885,52.785932,1,120,1,245
384,13.421434,54.078212,1,0,1,217
385,9.782000,52.424728,1,0,0,0
386,12.786321,53.533428,1,70,1,90
387,12.784233,53.532740,1,70,1,265
388,12.069024,54.151940,1,60,1,210
389,9.968425,53.677077,1,30,1,0
390,13.624570,52.481198,1,50,0,0
391,13.629710,52.485530,1,50,0,0
392,11.766542,52.747440,1,50,1,170
393,11.765620,52.751449,1,50,1,10
394,10.026849,53.706994,1,60,1,235
395,10.004336,53.687319,1,60,1,40
396,13.417411,54.080076,1,50,1,145
397,13.417676,54.079768,1,50,1,320
398,13.437232,54.090001,1,50,1,105
399,13.613177,54.514753,1,50,0,0
400,13.348780,52.514706,1,50,1,55
401,10.046378,53.680652,1,0,0,0
402,13.430524,52.551392,1,50,1,210
403,13.377399,52.556356,1,50,1,255
404,13.414531,52.553573,1,50,1,285
405,12.566051,52.401489,1,50,1,0
406,8.712924,52.949885,1,50,0,0
407,12.977275,52.573889,1,50,0,0
408,10.026392,53.707135,1,50,1,145
409,9.795443,53.462784,1,50,1,80
410,13.331202,52.495694,1,50,1,195
411,12.522993,52.875789,1,30,0,0
412,9.456742,53.093188,1,70,0,0
413,8.930525,53.028889,1,0,1,310
414,9.142374,52.589571,1,50,0,0
415,9.936060,53.578792,1,50,1,0
416,10.020577,53.543973,1,60,1,0
417,10.111031,53.595869,1,50,1,0
418,13.800136,52.834036,1,50,1,300
419,9.799819,52.445635,1,50,1,0
420,10.026417,53.706686,1,50,1,330
421,9.033534,53.398987,1,50,0,0
422,12.501380,53.204345,1,50,1,195
423,13.709414,53.887993,1,60,0,0
424,13.124866,53.520716,1,0,1,67
425,11.843430,53.091563,1,60,0,0
426,9.905818,53.513541,1,50,1,85
427,9.175698,52.981121,1,50,0,0
428,9.996268,53.602078,1,50,1,85
429,13.070149,52.402875,1,50,1,135
430,10.255102,53.870165,1,50,1,0
431,10.133617,54.338798,1,30,0,0
432,13.357055,52.553222,1,50,0,0
433,13.357416,52.553408,1,50,0,0
434,10.026104,53.706854,1,60,1,50
435,12.725297,54.079163,1,50,1,0
436,10.012057,53.599765,1,50,1,250
437,10.015174,53.600149,1,50,1,55
438,8.963049,53.057476,1,0,1,65
439,8.963824,53.057472,1,0,1,255
440,8.962223,53.053432,1,0,1,185
441,8.961961,53.053124,1,0,1,5
442,10.070510,53.573163,1,50,0,0
443,11.173120,52.941170,1,0,1,355
444,12.107163,54.092872,1,50,1,95
445,9.941706,53.572657,1,50,1,290
446,11.068079,53.089225,1,0,0,0
447,12.777407,52.481715,1,50,0,0
448,10.049555,53.697104,1,0,1,0
449,10.900006,53.867776,1,0,0,0
450,9.249379,53.824261,1,0,0,0
451,13.273599,52.509849,1,50,1,140
452,13.438895,52.673465,1,0,1,200
453,10.141196,53.597744,1,0,0,0
454,10.917682,53.864215,1,0,0,0
455,9.975488,52.734920,1,70,1,20
456,13.320692,52.512820,1,50,1,60
457,12.554917,52.402803,1,30,0,0
458,8.588238,53.536086,1,0,1,170
459,12.528225,52.406293,1,30,0,0
460,10.069087,53.559447,1,50,1,50
461,13.546655,52.431781,1,50,0,0
462,13.281492,52.509994,1,50,1,75
463,13.347449,52.574407,1,50,1,90
464,10.031454,53.597583,1,50,0,0
465,13.249668,52.620120,1,60,0,0
466,13.249647,52.619777,1,60,0,0
467,13.349725,52.502993,1,50,1,310
468,13.420011,52.525412,1,50,1,150
469,13.357370,52.553386,1,50,0,0
470,13.361880,52.497884,1,30,1,30
471,13.445035,52.462919,1,50,1,180
472,12.890803,52.591465,1,70,0,0
473,8.789720,53.057227,1,50,1,320
474,13.458798,52.492801,1,50,0,0
475,8.912142,53.036595,1,0,1,100
476,8.930476,53.029012,1,120,0,0
477,12.359752,52.603327,1,50,0,0
478,10.288893,52.851786,1,0,0,0
479,10.201590,53.193478,1,50,0,0
480,10.074012,52.605980,1,0,0,0
481,13.372098,52.505239,1,0,1,150
482,9.984300,53.672538,1,50,1,55
483,9.983813,53.599160,1,50,1,15
484,10.765780,53.998453,1,0,0,0
485,10.044571,53.681914,1,0,0,0
486,9.009047,54.275550,1,100,1,0
487,8.574071,53.546247,1,50,0,0
488,9.124290,54.197540,1,50,0,0
489,9.124719,54.197547,1,50,0,0
490,9.124791,54.197804,1,50,0,0
491,9.124315,54.197811,1,50,0,0
492,13.638596,52.740872,1,70,1,30
493,13.638253,52.739911,1,70,1,210
494,9.275146,53.013351,1,70,0,0
495,9.367626,53.089644,1,70,1,35
496,12.046553,53.123180,1,50,0,0
497,11.427735,53.596537,1,50,1,0
498,8.623105,53.064972,1,0,1,10
499,10.410730,53.206231,1,70,0,0
500,10.024955,53.530294,1,50,0,0
501,8.618514,53.062974,1,0,1,320
502,10.798893,52.427321,1,50,1,200
503,13.535284,54.075236,1,0,0,0
504,8.738841,53.468638,1,50,0,0
505,9.956406,53.611263,1,50,1,290
506,13.001953,52.880519,1,50,0,0
507,10.572981,52.442098,1,0,1,0
508,13.784436,52.492927,1,0,0,0
509,13.775430,52.481800,1,30,0,0
510,10.406486,53.058109,1,50,1,350
511,9.344856,52.411711,1,50,0,0
512,10.687803,53.851357,1,0,1,240
513,10.656814,53.882353,1,0,1,100
514,10.708019,53.874552,1,0,1,350
515,13.224974,52.809604,1,0,0,0
516,10.541464,52.493647,1,50,1,100
517,10.542046,52.493457,1,50,1,275
518,9.458143,53.586624,1,70,1,140
519,9.458402,53.586296,1,70,1,315
520,13.476376,52.532874,1,50,1,270
521,9.985169,53.649356,1,50,1,120
522,10.475265,52.434758,1,100,1,300
523,12.754415,52.905877,1,70,0,0
524,12.779805,52.915423,1,50,0,0
525,13.371683,52.505334,1,50,1,141
526,13.310642,52.567897,1,50,1,280
527,9.464594,52.428935,1,50,0,0
528,9.870315,53.471663,1,0,0,0
529,12.782752,52.483454,1,0,0,0
530,10.660372,53.878729,1,0,0,0
531,11.911921,54.080027,1,50,1,0
532,13.330906,52.490995,1,50,1,160
533,8.966418,53.057785,1,0,1,245
534,12.724577,54.335901,1,80,0,0
535,13.402804,52.463449,1,50,1,80
536,13.145805,52.656371,1,50,0,0
537,12.983478,52.963614,1,0,0,0
538,8.839899,52.680948,1,0,0,0
539,8.633210,53.052044,1,0,1,0
540,8.632862,53.053179,1,0,1,335
541,8.609360,53.049192,1,0,1,280
542,8.639035,53.043726,1,0,1,160
543,8.647817,53.036533,1,0,1,155
544,13.369859,52.523184,1,50,1,320
545,13.369804,52.523156,1,50,1,320
546,13.369758,52.523187,1,50,1,320
547,13.369816,52.523210,1,50,1,320
548,11.397898,53.628869,1,50,1,15
549,10.788634,53.910285,1,70,1,250
550,9.375422,53.298157,1,50,0,0
551,9.438396,53.289781,1,70,0,0
552,9.860480,52.516990,1,70,1,0
553,8.627960,53.529897,1,30,0,0
554,8.591080,53.518478,1,50,1,0
555,8.595219,53.565489,1,50,1,0
556,9.732815,52.420821,1,50,1,45
557,9.979581,53.714286,1,50,0,0
558,13.266886,52.707236,1,50,0,0
559,13.182488,52.685574,1,50,0,0
560,9.791159,52.469081,1,50,0,0
561,13.316431,52.464443,1,30,0,0
562,13.489664,52.533854,1,50,1,80
563,14.138642,53.889645,1,30,1,215
564,12.716010,54.069358,1,0,0,0
565,9.760213,53.546013,1,50,0,0
566,13.302304,52.498989,1,50,1,270
567,13.444588,52.462882,1,0,0,0
568,13.011173,52.702164,1,100,1,190
569,13.900547,52.589249,1,30,0,0
570,10.797074,53.913162,1,70,0,0
571,13.590236,54.414156,1,0,0,0
572,9.803558,53.376675,1,50,0,0
573,13.574286,52.554733,1,50,1,15
574,9.312639,53.265138,1,70,0,0
575,8.606550,53.584274,1,50,0,0
576,8.598447,53.583610,1,50,0,0
577,8.592626,53.582009,1,50,0,0
578,13.164868,52.533343,1,50,0,0
579,13.164278,52.533353,1,50,0,0
580,13.189669,52.546580,1,50,0,0
581,13.189144,52.546704,1,50,0,0
582,9.981267,53.720586,1,50,0,0
583,10.028239,53.694103,1,50,0,0
584,10.567412,53.220924,1,70,0,0
585,11.777369,52.724195,1,50,0,0
586,13.746922,54.076087,1,0,0,0
587,13.467156,52.485163,1,0,0,0
588,13.819734,52.835015,1,50,1,350
589,9.206523,53.651628,1,0,0,0
590,13.847754,52.488408,1,70,1,70
591,13.847213,52.488306,1,70,1,250
592,13.504825,52.596365,1,50,0,0
593,12.348228,52.410637,1,50,0,0
594,9.903236,53.667344,1,50,1,180
595,9.661220,54.277920,1,70,0,0
596,13.293077,53.549021,1,50,1,0
597,12.842645,52.950335,1,30,1,160
598,10.465506,52.478699,1,70,0,0
599,13.492231,52.458087,1,50,0,0
600,10.521839,53.101932,1,50,1,170
601,10.523500,53.099171,1,50,1,170
602,12.943496,52.724308,1,0,0,0
603,13.230367,52.403210,1,50,1,80
604,10.025254,53.685817,1,30,0,0
605,13.010725,52.702600,1,0,1,25
606,13.501171,52.442020,1,30,0,0
607,10.159695,54.168686,1,70,1,100
608,8.661679,53.677526,1,70,0,0
609,8.661689,53.677650,1,70,0,0
610,9.326059,53.752548,1,0,0,0
611,13.393345,52.510822,1,30,0,0
612,8.823734,53.302626,1,0,0,0
613,13.212454,52.732056,1,120,0,0
614,12.211804,54.201679,1,50,1,20
615,12.212133,54.202678,1,50,1,200
616,13.318286,54.086375,1,50,0,0
617,10.753563,52.400824,1,0,1,61
618,13.466914,52.485349,1,50,0,0
619,10.798658,52.427304,1,50,1,20
620,8.675851,53.356125,1,70,1,0
621,10.753806,52.424797,1,60,1,85
622,13.368058,52.530720,1,30,1,130
623,13.368054,52.530724,1,30,1,305
624,9.519048,53.603534,1,50,0,0
625,9.519035,53.603576,1,50,0,0
626,9.835793,53.762421,1,30,0,0
627,12.146742,54.086708,1,0,0,0
628,11.174639,53.047563,1,50,0,0
629,10.270643,53.417947,1,50,0,0
630,9.789847,53.320223,1,30,0,0
631,12.531768,52.422878,1,0,0,0
632,9.670215,52.415615,2,50,0,0
633,9.670288,52.415702,2,50,0,0
634,11.436873,53.598178,2,50,0,0
635,11.456624,53.599915,2,50,0,0
636,10.534369,52.421899,2,70,0,0
637,10.281470,52.481312,2,70,0,0
638,13.315847,52.464559,2,30,0,0
639,12.951578,53.897757,2,50,0,0
640,9.537766,53.000172,2,70,0,0
641,10.632256,52.957282,2,100,0,0
642,10.631783,52.957247,2,100,0,0
643,10.726871,52.947858,2,50,0,0
644,9.801956,53.783594,2,50,0,0
645,9.737215,53.788114,2,50,0,0
646,9.691081,53.792632,2,50,0,0
647,10.953665,52.891483,2,50,0,0
648,13.244041,54.081350,2,70,0,0
649,9.960230,53.469936,2,50,0,0
650,9.326166,53.752329,2,50,0,0
651,10.750483,52.936587,2,50,0,0
652,11.399569,53.718235,2,60,0,0
653,11.402746,53.726688,2,50,0,0
654,11.171650,53.658133,2,50,0,0
655,11.472098,53.483534,2,50,0,0
656,11.385005,53.644537,2,50,0,0
657,10.916890,52.906773,2,70,0,0
658,8.772027,53.062017,2,60,0,0
659,12.370262,52.521550,2,50,0,0
660,9.226598,53.353822,2,50,0,0
661,9.061899,53.060475,2,70,0,0
662,9.061436,53.060423,2,70,0,0
663,10.488250,53.137130,2,70,0,0
664,12.330996,52.620905,2,50,0,0
665,12.359163,52.603298,2,50,0,0
666,13.385778,52.469449,2,50,0,0
667,13.613217,54.514778,2,50,0,0
668,12.354038,54.260304,2,60,0,0
669,9.278837,53.258267,2,50,0,0
670,9.323177,53.542796,2,70,0,0
671,9.250442,53.532347,2,70,0,0
672,12.161841,53.792518,2,50,0,0
673,13.289541,54.354567,2,50,0,0
674,9.980819,53.423154,2,50,0,0
675,10.024530,53.529970,2,50,0,0
676,9.120937,53.706970,2,50,0,0
677,9.470992,53.547224,2,70,0,0
678,9.470942,53.547224,2,70,0,0
679,13.421095,52.461393,2,0,0,0
680,13.419003,52.460926,2,0,0,0
681,13.438125,52.462661,2,0,0,0
682,13.435763,52.462269,2,0,0,0
683,10.143199,52.676207,2,70,0,0
684,10.143199,52.676207,2,70,0,0
685,13.734952,53.807895,2,80,0,0
686,13.835253,53.714958,2,50,0,0
687,13.845976,53.709427,2,70,0,0
688,13.707893,54.037553,2,70,0,0
689,13.714766,54.039112,2,70,0,0
690,9.762989,53.546140,2,50,0,0
691,9.779056,53.538808,2,50,0,0
692,9.803647,53.376241,2,50,0,0
693,9.803647,53.376241,2,50,0,0
694,9.757122,53.447415,2,50,0,0
695,11.774113,53.505817,2,70,0,0
696,11.822852,53.427021,2,50,0,0
697,9.970285,53.598808,2,50,0,0
698,9.985272,53.649351,2,50,0,0
699,9.367737,53.089728,2,70,0,0
700,9.456277,53.093199,2,70,0,0
701,9.270941,53.118598,2,70,0,0
702,10.878721,53.000973,2,70,0,0
703,10.874763,53.001201,2,70,0,0
704,11.173401,52.940646,2,70,0,0
705,11.180243,52.914751,2,50,0,0
706,10.071864,53.570857,2,50,0,0
707,9.835727,53.574174,2,50,0,0
708,10.310081,53.336639,2,50,0,0
709,10.411779,53.274444,2,100,0,0
710,9.438539,53.289739,2,70,0,0
711,9.375173,53.298125,2,50,0,0
712,9.025713,53.352461,2,30,0,0
713,8.996673,53.440074,2,50,0,0
714,8.894027,53.423732,2,50,0,0
715,8.841342,53.040670,2,80,0,0
716,8.879406,53.060768,2,50,0,0
717,8.846709,53.081152,2,50,0,0
718,12.520090,53.776070,2,80,0,0
719,11.599903,53.379157,2,50,0,0
720,11.383572,53.326786,2,60,0,0
721,9.779056,53.538808,2,50,0,0
722,13.454881,52.400049,2,50,0,0
723,9.850108,53.651653,2,50,0,0
724,13.515121,52.400119,2,50,0,0
725,13.515050,52.400026,2,50,0,0
726,10.442519,53.263416,2,80,0,0
727,12.692788,53.324937,2,50,0,0
728,12.692788,53.324937,2,50,0,0
729,12.501949,53.358858,2,70,0,0
730,12.501949,53.358858,2,70,0,0
731,13.092612,53.344824,2,50,0,0
732,13.092612,53.344824,2,50,0,0
733,13.125068,53.520804,2,70,0,0
734,11.538550,53.354148,2,70,0,0
735,11.297358,53.187226,2,50,0,0
736,11.148167,53.103599,2,50,0,0
737,11.011050,53.083534,2,70,0,0
738,11.026850,53.106870,2,70,0,0
739,10.139148,53.227854,2,50,0,0
740,10.688603,53.375466,2,70,0,0
741,13.341168,53.657716,2,70,0,0
742,10.562528,53.074110,2,70,0,0
743,9.274741,53.012964,2,70,0,0
744,10.015144,53.600200,2,50,0,0
745,10.001764,53.661951,2,50,0,0
746,11.774113,53.505817,2,70,0,0
747,11.249301,53.664535,2,70,0,0
748,10.168113,54.315293,2,50,0,0
749,9.789891,53.320235,2,30,0,0
750,9.789891,53.320235,2,30,0,0
751,9.679420,53.269236,2,50,0,0
752,9.679420,53.269236,2,50,0,0
753,9.533924,53.201712,2,70,0,0
754,11.559968,53.697907,2,50,0,0
755,10.406460,53.058220,2,50,0,0
756,13.083142,52.411393,2,50,0,0
757,13.488144,52.512410,2,50,0,0
758,13.808225,52.489112,2,70,0,0
759,13.716904,52.473419,2,50,0,0
760,13.915538,52.480609,2,50,0,0
761,10.932179,52.575618,2,70,0,0
762,9.063225,53.515558,2,70,0,0
763,9.047220,53.483473,2,70,0,0
764,12.424306,53.463477,2,70,0,0
765,12.480663,53.460676,2,50,0,0
766,12.349617,53.512775,2,50,0,0
767,9.803827,53.465523,2,50,0,0
768,10.270598,53.417946,2,50,0,0
769,10.396764,52.967363,2,100,0,0
770,10.176692,53.112074,2,80,0,0
771,10.176692,53.112074,2,80,0,0
772,12.615135,54.282467,2,70,0,0
773,8.588054,52.609043,2,70,0,0
774,8.617912,52.455636,2,70,0,0
775,8.713088,52.837632,2,70,0,0
776,9.692415,53.437606,2,50,0,0
777,10.109664,54.313811,2,50,0,0
778,9.899478,53.382298,2,50,0,0
779,12.503537,53.170035,2,50,0,0
780,11.163179,53.904421,2,60,0,0
781,12.137142,54.092411,2,50,0,0
782,11.067753,53.880408,2,50,0,0
783,14.016892,52.777949,2,50,0,0
784,12.925845,52.493226,2,50,0,0
785,9.565092,52.448797,2,70,0,0
786,10.791667,53.911686,2,70,0,0
787,10.065053,53.550314,2,50,0,0
788,10.708687,53.878958,2,50,0,0
789,10.575102,52.485648,2,70,0,0
790,12.625286,52.670572,2,80,0,0
791,12.718183,52.632392,2,60,0,0
792,9.467803,52.423998,2,50,0,0
793,12.792692,52.619644,2,50,0,0
794,10.776664,52.931485,2,70,0,0
795,10.765499,52.933450,2,70,0,0
796,8.701395,52.749976,2,50,0,0
797,12.783753,52.806802,2,50,0,0
798,12.461805,52.869549,2,50,0,0
799,12.622939,53.761730,2,50,0,0
800,11.652164,53.038875,2,50,0,0
801,10.702068,53.885790,2,50,0,0
802,10.679456,53.882570,2,50,0,0
803,11.971941,53.031027,2,70,0,0
804,11.838815,53.095422,2,70,0,0
805,11.812691,53.117148,2,70,0,0
806,10.255144,53.870098,2,50,0,0
807,9.830131,53.703141,2,50,0,0
808,9.300014,53.275024,2,50,0,0
809,10.192207,53.495703,2,50,0,0
810,10.474223,52.434958,2,100,0,0
811,10.163108,53.515827,2,70,0,0
812,11.168995,52.968940,2,50,0,0
813,11.168995,52.968940,2,50,0,0
814,12.197649,53.192904,2,50,0,0
815,9.533924,53.201712,2,70,0,0
816,12.779586,52.915207,2,50,0,0
817,10.489836,52.995133,2,70,0,0
818,10.489014,52.995387,2,70,0,0
819,11.076203,53.081588,2,50,0,0
820,10.875412,52.919900,2,100,0,0
821,11.148211,53.103415,2,50,0,0
822,11.099241,53.014391,2,50,0,0
823,10.961689,53.130080,2,70,0,0
824,10.963584,53.130032,2,70,0,0
825,12.093644,54.095081,2,50,0,0
826,12.015909,54.109482,2,50,0,0
827,12.015517,54.109518,2,50,0,0
828,12.454958,53.135261,2,100,0,0
829,13.200617,52.609456,2,30,0,0
830,13.198772,52.607799,2,30,0,0
831,10.889578,53.065310,2,50,0,0
832,10.674736,52.470706,2,50,0,0
833,10.685725,52.468626,2,50,0,0
834,10.525185,52.465342,2,100,0,0
835,10.713129,52.496203,2,50,0,0
836,11.178684,52.999743,2,50,0,0
837,10.679417,53.882613,2,50,0,0
838,10.068171,52.553325,2,100,0,0
839,10.068175,52.553639,2,100,0,0
840,9.594592,52.411060,2,50,0,0
841,9.561981,52.440921,2,50,0,0
842,9.535098,52.461416,2,50,0,0
843,9.459580,52.433974,2,50,0,0
844,9.416174,52.421997,2,50,0,0
845,9.420955,52.428352,2,50,0,0
846,9.390356,52.419574,2,50,0,0
847,9.421477,52.441509,2,50,0,0
848,9.843457,52.564364,2,50,0,0
849,9.855126,52.567118,2,50,0,0
850,10.133177,52.459040,2,50,0,0
851,10.132495,52.459039,2,50,0,0
852,9.890153,52.636755,2,100,0,0
853,9.977840,52.747949,2,70,0,0
854,12.939655,52.689287,2,50,0,0
855,10.049599,53.697029,2,50,0,0
856,9.500618,53.270525,2,50,0,0
857,11.450175,53.028942,2,70,0,0
858,11.386606,53.040516,2,70,0,0
859,10.931222,53.183329,2,50,0,0
860,13.285597,52.594730,2,50,0,0
861,9.619778,52.427786,2,50,0,0
862,9.622251,52.426390,2,50,0,0
863,9.957886,53.560684,2,30,0,0
864,9.953172,53.561734,2,30,0,0
865,9.872432,53.571144,2,50,0,0
866,10.310090,52.451484,2,50,0,0
867,10.307921,52.453728,2,50,0,0
868,9.570266,53.507356,2,50,0,0
869,9.570266,53.507356,2,50,0,0
870,13.066973,52.403738,2,30,0,0
871,12.736858,52.407147,2,50,0,0
872,12.510473,52.413872,2,50,0,0
873,12.510477,52.413930,2,50,0,0
874,8.596986,53.574387,2,50,0,0
875,12.568503,52.416155,2,30,0,0
876,12.568503,52.416155,2,30,0,0
877,8.932454,52.826633,2,70,0,0
878,9.045561,52.869963,2,70,0,0
879,12.194525,54.113809,2,70,0,0
880,8.888631,52.681266,2,70,0,0
881,13.020713,52.607863,2,60,0,0
882,9.788613,53.424797,2,50,0,0
883,9.788846,53.424883,2,50,0,0
884,9.788962,53.424883,2,50,0,0
885,9.788613,53.424797,2,50,0,0
886,10.465381,52.478765,2,70,0,0
887,10.465381,52.478765,2,70,0,0
888,11.171650,53.658133,2,50,0,0
889,11.067753,53.880408,2,50,0,0
890,13.377037,52.501731,2,50,0,0
891,12.800733,53.277375,2,50,0,0
892,12.800814,53.277339,2,50,0,0
893,13.309940,52.567934,2,50,0,0
894,10.583880,52.435272,2,50,0,0
895,10.584123,52.435286,2,50,0,0
896,14.006931,53.250603,2,100,0,0
897,11.620470,53.226404,2,50,0,0
898,10.621757,52.732658,2,70,0,0
899,13.629514,52.485310,2,50,0,0
900,13.624784,52.481403,2,50,0,0
901,13.318855,52.454124,2,50,0,0
902,13.344233,52.478464,2,50,0,0
903,10.128943,53.918645,2,50,0,0
904,11.790065,52.541159,2,50,0,0
905,13.736826,52.838359,2,50,0,0
906,13.736826,52.838359,2,50,0,0
907,9.063878,53.219506,2,50,0,0
908,9.380957,53.594466,2,70,0,0
909,9.380957,53.594466,2,70,0,0
910,10.487647,52.830159,2,70,0,0
911,9.063878,53.219506,2,50,0,0
912,10.286838,52.833061,2,50,0,0
913,10.286838,52.833061,2,50,0,0
914,10.693680,53.863829,2,30,0,0
915,9.869128,53.471664,2,50,0,0
916,9.535098,52.461416,2,50,0,0
917,9.561981,52.440921,2,50,0,0
918,9.937715,52.795623,2,70,0,0
919,13.656685,52.500862,2,70,0,0
920,13.660535,52.500728,2,70,0,0
921,9.731047,54.328152,2,60,0,0
922,9.717092,54.337829,2,60,0,0
923,9.732347,54.327400,2,60,0,0
924,10.070641,53.573158,2,50,0,0
925,10.707899,53.857001,2,50,0,0
926,10.707521,53.856414,2,50,0,0
927,10.684841,53.851128,2,50,0,0
928,10.685458,53.851060,2,50,0,0
929,10.690157,53.851537,2,50,0,0
930,10.686768,53.851456,2,50,0,0
931,10.697756,53.851607,2,50,0,0
932,10.696746,53.851516,2,50,0,0
933,9.602383,53.389010,2,50,0,0
934,11.790056,52.541125,2,50,0,0
935,13.335280,53.877234,2,30,0,0
936,13.446018,53.810028,2,80,0,0
937,9.799913,52.444995,2,50,0,0
938,13.439458,52.411789,2,30,0,0
939,10.592462,52.970570,2,50,0,0
940,10.591475,52.970049,2,50,0,0
941,10.040455,53.566706,2,50,0,0
942,10.040117,53.566518,2,50,0,0
943,10.309273,53.933779,2,50,0,0
944,13.580904,52.784103,2,120,0,0
945,9.733727,52.417602,2,50,0,0
946,9.733396,52.418109,2,50,0,0
947,12.902956,53.699940,2,50,0,0
948,9.781680,52.424838,2,50,0,0
949,12.786776,53.533479,2,70,0,0
950,12.783995,53.532714,2,70,0,0
951,12.180941,54.102105,2,50,0,0
952,12.150647,54.090961,2,50,0,0
953,12.068948,54.151825,2,60,0,0
954,11.766892,52.746866,2,50,0,0
955,11.765662,52.751787,2,50,0,0
956,13.417665,54.079839,2,50,0,0
957,13.417371,54.079993,2,50,0,0
958,13.437285,54.089963,2,50,0,0
959,12.566047,52.401527,2,50,0,0
960,12.566115,52.401434,2,50,0,0
961,12.405344,52.406660,2,30,0,0
962,12.560405,52.416757,2,30,0,0
963,12.531874,52.422872,2,50,0,0
964,12.531557,52.423160,2,50,0,0
965,12.544832,52.408206,2,30,0,0
966,12.544832,52.408206,2,30,0,0
967,12.205390,53.232195,2,50,0,0
968,13.394084,53.572195,2,50,0,0
969,13.394084,53.572195,2,50,0,0
970,13.496928,53.637359,2,70,0,0
971,13.496928,53.637359,2,70,0,0
972,13.880128,54.070415,2,100,0,0
973,13.634148,54.368994,2,50,0,0
974,13.633815,54.368984,2,50,0,0
975,13.506766,54.482973,2,50,0,0
976,13.613217,54.514778,2,50,0,0
977,13.401011,54.094732,2,50,0,0
978,13.398628,54.094834,2,50,0,0
979,12.783844,54.124664,2,80,0,0
980,12.771326,54.114851,2,80,0,0
981,12.783050,54.123963,2,80,0,0
982,12.772450,54.115689,2,80,0,0
983,13.977556,53.518277,2,50,0,0
984,14.013591,53.516018,2,50,0,0
985,13.983054,53.490994,2,70,0,0
986,10.478177,52.705799,2,70,0,0
987,10.467011,52.665668,2,100,0,0
988,10.467011,52.665668,2,100,0,0
989,10.484199,52.607698,2,70,0,0
990,10.484199,52.607698,2,70,0,0
991,10.512167,52.554307,2,70,0,0
992,10.512167,52.554307,2,70,0,0
993,9.935343,52.792690,2,70,0,0
994,10.202800,54.331412,2,50,0,0
995,10.125955,54.321083,2,50,0,0
996,10.046581,53.680561,2,50,0,0
997,13.413948,52.553628,2,50,0,0
998,8.712815,52.949840,2,50,0,0
999,12.976330,52.573841,2,50,0,0
1000,9.795708,53.462781,2,50,0,0
1001,9.323177,53.542796,2,70,0,0
1002,9.835871,53.601386,2,50,0,0
1003,9.835810,53.601260,2,50,0,0
1004,9.456277,53.093199,2,70,0,0
1005,8.929905,53.029196,2,120,0,0
1006,13.016446,52.583743,2,50,0,0
1007,13.013967,52.582654,2,50,0,0
1008,9.936034,53.578722,2,50,0,0
1009,9.936155,53.578816,2,50,0,0
1010,10.019051,53.544406,2,60,0,0
1011,10.111076,53.596018,2,50,0,0
1012,10.110986,53.596039,2,50,0,0
1013,10.080749,53.560090,2,50,0,0
1014,10.021102,53.543870,2,60,0,0
1015,10.085531,53.627063,2,50,0,0
1016,13.282382,52.533693,2,50,0,0
1017,13.710004,53.887949,2,60,0,0
1018,11.437058,53.598289,2,50,0,0
1019,9.906325,53.513568,2,50,0,0
1020,9.905445,53.513595,2,50,0,0
1021,13.070500,52.402544,2,50,0,0
1022,13.358131,52.553822,2,50,0,0
1023,10.133691,54.338912,2,30,0,0
1024,12.724596,54.079213,2,50,0,0
1025,10.012012,53.599726,2,50,0,0
1026,12.726040,54.079164,2,50,0,0
1027,10.070724,53.573288,2,50,0,0
1028,11.173309,52.941491,2,70,0,0
1029,9.799857,52.445253,2,50,0,0
1030,13.737241,52.556149,2,70,0,0
1031,12.777021,52.481612,2,50,0,0
1032,11.067716,53.089740,2,50,0,0
1033,10.049810,53.697173,2,50,0,0
1034,10.004539,53.687520,2,60,0,0
1035,9.991784,53.553779,2,30,0,0
1036,9.212252,53.012236,2,50,0,0
1037,10.026149,53.551358,2,50,0,0
1038,11.843544,53.091523,2,70,0,0
1039,10.069387,53.559539,2,50,0,0
1040,13.547303,52.431295,2,50,0,0
1041,11.739840,53.017990,2,70,0,0
1042,9.990751,53.560419,2,50,0,0
1043,9.990961,53.560285,2,50,0,0
1044,12.728179,54.072903,2,60,0,0
1045,12.750049,54.079651,2,80,0,0
1046,13.348094,52.574348,2,50,0,0
1047,10.031401,53.597386,2,50,0,0
1048,10.031515,53.597262,2,50,0,0
1049,13.485894,52.512517,2,50,0,0
1050,13.250267,52.618822,2,60,0,0
1051,13.249346,52.620915,2,60,0,0
1052,13.283006,52.510128,2,50,0,0
1053,13.348459,52.503364,2,50,0,0
1054,13.420496,52.525128,2,50,0,0
1055,13.362264,52.498516,2,30,0,0
1056,13.444921,52.462917,2,50,0,0
1057,12.892780,52.590304,2,70,0,0
1058,8.789702,53.057268,2,50,0,0
1059,9.968371,53.677057,2,30,0,0
1060,8.912528,53.036566,2,120,0,0
1061,10.069250,53.559551,2,50,0,0
1062,12.728869,54.073150,2,60,0,0
1063,9.220693,52.888799,2,70,0,0
1064,9.983868,53.599371,2,50,0,0
1065,10.026619,53.706955,2,60,0,0
1066,10.026305,53.706873,2,60,0,0
1067,10.026403,53.707046,2,50,0,0
1068,10.026475,53.706787,2,50,0,0
1069,8.574098,53.546187,2,50,0,0
1070,9.125008,54.197726,2,50,0,0
1071,9.124447,54.197912,2,50,0,0
1072,9.124114,54.197610,2,50,0,0
1073,9.124597,54.197347,2,50,0,0
1074,10.289081,52.851729,2,50,0,0
1075,9.996538,53.602108,2,50,0,0
1076,10.411923,53.206481,2,70,0,0
1077,13.092451,53.362558,2,0,0,0
1078,13.092451,53.362558,2,0,0,0
1079,13.535035,54.075216,2,50,0,0
1080,13.582303,54.008985,2,100,0,0
1081,9.368471,53.463671,2,50,0,0
1082,8.737786,53.468981,2,50,0,0
1083,9.984497,53.672604,2,50,0,0
1084,13.001914,52.405496,2,50,0,0
1085,13.273568,52.509808,2,50,0,0
1086,11.427121,53.596452,2,50,0,0
1087,11.427554,53.596876,2,50,0,0
1088,13.430452,52.551358,2,50,0,0
1089,13.320831,52.512826,2,50,0,0
1090,13.376562,52.556339,2,50,0,0
1091,13.506766,54.482973,2,50,0,0
1092,9.986981,53.547735,2,50,0,0
1093,9.388514,52.419219,2,50,0,0
1094,9.345124,52.411762,2,50,0,0
1095,9.344898,52.411747,2,50,0,0
1096,9.016218,53.079470,2,50,0,0
1097,8.591010,53.518589,2,50,0,0
1098,10.542511,52.493793,2,50,0,0
1099,10.541367,52.493487,2,50,0,0
1100,10.062068,52.606658,2,50,0,0
1101,9.975643,52.735166,2,70,0,0
1102,9.803079,53.465271,2,50,0,0
1103,10.478177,52.705799,2,70,0,0
1104,9.834571,53.574316,2,50,0,0
1105,9.956041,53.611353,2,50,0,0
1106,13.349085,52.514823,2,50,0,0
1107,9.464319,52.429235,2,50,0,0
1108,12.783152,52.483474,2,0,0,0
1109,10.660411,53.878813,2,50,0,0
1110,12.107838,54.092829,2,50,0,0
1111,11.911812,54.080045,2,50,0,0
1112,11.911812,54.080045,2,50,0,0
1113,13.386605,52.490131,2,50,0,0
1114,13.331140,52.495615,2,50,0,0
1115,13.330955,52.490980,2,50,0,0
1116,13.454881,52.400049,2,50,0,0
1117,13.371585,52.505310,2,50,0,0
1118,13.402911,52.463478,2,50,0,0
1119,12.501335,53.204344,2,50,0,0
1120,13.476156,52.532927,2,50,0,0
1121,11.397958,53.629055,2,50,0,0
1122,13.369732,52.523214,2,50,0,0
1123,9.009271,54.275492,2,100,0,0
1124,9.008995,54.275644,2,100,0,0
1125,10.131650,54.316184,2,30,0,0
1126,10.255144,53.870098,2,50,0,0
1127,10.788490,53.910297,2,70,0,0
1128,12.724520,54.335864,2,80,0,0
1129,12.724520,54.335864,2,80,0,0
1130,9.752940,52.436836,2,50,0,0
1131,9.594463,52.411151,2,50,0,0
1132,13.632456,52.608757,2,50,0,0
1133,13.638761,52.741119,2,70,0,0
1134,13.638178,52.739858,2,70,0,0
1135,9.375173,53.298125,2,50,0,0
1136,9.438539,53.289739,2,70,0,0
1137,9.860413,52.516972,2,70,0,0
1138,9.860413,52.516972,2,70,0,0
1139,8.588689,52.876459,2,70,0,0
1140,9.790926,52.468935,2,50,0,0
1141,9.790926,52.468935,2,0,0,0
1142,13.317015,52.464192,2,30,0,0
1143,10.384632,53.581468,2,50,0,0
1144,12.714961,54.069070,2,60,0,0
1145,9.760097,53.546046,2,50,0,0
1146,13.589670,54.414656,2,70,0,0
1147,13.589670,54.414656,2,70,0,0
1148,9.757122,53.447415,2,50,0,0
1149,9.692458,53.437519,2,50,0,0
1150,10.396764,52.967363,2,100,0,0
1151,10.592115,52.970337,2,50,0,0
1152,10.592350,52.970443,2,50,0,0
1153,10.592278,52.970533,2,50,0,0
1154,10.796928,53.913168,2,70,0,0
1155,9.501619,53.601112,2,50,0,0
1156,9.501560,53.601276,2,50,0,0
1157,13.163940,52.533280,2,50,0,0
1158,13.163923,52.533385,2,50,0,0
1159,13.190178,52.546564,2,50,0,0
1160,13.190173,52.546429,2,50,0,0
1161,11.777316,52.724204,2,50,0,0
1162,11.777316,52.724204,2,50,0,0
1163,9.212934,52.834087,2,70,0,0
1164,13.504335,52.596231,2,50,0,0
1165,12.348279,52.410602,2,50,0,0
1166,12.348279,52.410602,2,50,0,0
1167,13.492269,52.458084,2,50,0,0
1168,13.492265,52.458029,2,50,0,0
1169,9.033690,53.399219,2,50,0,0
1170,13.001617,52.880901,2,50,0,0
1171,13.002213,52.880068,2,50,0,0
1172,10.521577,53.102410,2,50,0,0
1173,10.523606,53.098644,2,50,0,0
1174,11.971941,53.031027,2,70,0,0
1175,13.011022,52.704099,2,0,0,0
1176,12.625286,52.670572,2,80,0,0
1177,8.661452,53.677666,2,70,0,0
1178,8.661452,53.677666,2,70,0,0
1179,9.326166,53.752337,2,50,0,0
1180,13.212155,52.732112,2,120,0,0
1181,12.211908,54.202177,2,50,0,0
1182,12.212011,54.202056,2,50,0,0
1183,12.354520,54.259085,2,60,0,0
1184,12.511370,54.259202,2,70,0,0
1185,12.513422,54.259719,2,70,0,0
1186,9.518869,53.603549,2,50,0,0
1187,9.518869,53.603549,2,50,0,0
1188,12.146325,54.086625,2,30,0,0
1189,12.939655,52.689287,2,50,0,0
1190,10.753647,52.400875,2,0,0,0
1191,11.175076,53.047069,2,50,0,0
1192,11.175076,53.047069,2,50,0,0
1193,10.538013,53.046559,2,30,0,0
1194,10.538096,53.046297,2,30,0,0
1195,10.270598,53.417946,2,50,0,0
